ホテルID,ホテル名,部屋番号,表示順,CTI連携キー,鍵開けURL,鍵開けCH番号
000000004,LUNAPARK　CUBE,101,1,353101,,01
000000004,LUNAPARK　CUBE,102,2,353102,,02
000000004,LUNAPARK　CUBE,103,3,353103,,03
000000004,LUNAPARK　CUBE,105,4,353105,,04
000000004,LUNAPARK　CUBE,106,5,353106,,05
000000004,LUNAPARK　CUBE,107,6,353107,,06
000000004,LUNAPARK　CUBE,108,7,353108,,07
000000004,LUNAPARK　CUBE,110,8,353110,,08
000000004,LUNAPARK　CUBE,111,9,353111,,09
000000004,LUNAPARK　CUBE,112,10,353112,,10
000000004,LUNAPARK　CUBE,113,11,353113,,11
000000034,ドラゴンリゾート弘前,301,1,350301,,
000000034,ドラゴンリゾート弘前,302,2,350302,,
000000034,ドラゴンリゾート弘前,303,3,350303,,
000000034,ドラゴンリゾート弘前,305,4,350305,,
000000034,ドラゴンリゾート弘前,306,5,350306,,
000000034,ドラゴンリゾート弘前,307,6,350307,,
000000034,ドラゴンリゾート弘前,401,7,350401,,
000000034,ドラゴンリゾート弘前,402,8,350402,,
000000034,ドラゴンリゾート弘前,403,9,350403,,
000000034,ドラゴンリゾート弘前,501,10,350501,,
000000034,ドラゴンリゾート弘前,502,11,350502,,
000000034,ドラゴンリゾート弘前,503,12,350503,,
000000034,ドラゴンリゾート弘前,601,13,350601,,
000000034,ドラゴンリゾート弘前,602,14,350602,,
000000034,ドラゴンリゾート弘前,603,15,350603,,
000000034,ドラゴンリゾート弘前,701,16,350701,,
000000034,ドラゴンリゾート弘前,702,17,350702,,
000000034,ドラゴンリゾート弘前,703,18,350703,,
000000034,ドラゴンリゾート弘前,801,19,350801,,
000000034,ドラゴンリゾート弘前,802,20,350802,,
000000034,ドラゴンリゾート弘前,803,21,350803,,
000000034,ドラゴンリゾート弘前,ロビー,22,350222,,
000000034,ドラゴンリゾート弘前,ウェイティング1,23,350201,,
000000034,ドラゴンリゾート弘前,ウェイティング2,24,350202,,
000000034,ドラゴンリゾート弘前,ウェイティング3,25,350203,,
000000034,ドラゴンリゾート弘前,ウェイティング4,26,350204,,
000000049,星・星・星　北上店,01,1,352101,,
000000049,星・星・星　北上店,02,2,352102,,
000000049,星・星・星　北上店,03,3,352103,,
000000049,星・星・星　北上店,04,4,352104,,
000000049,星・星・星　北上店,05,5,352105,,
000000049,星・星・星　北上店,06,6,352106,,
000000049,星・星・星　北上店,07,7,352107,,
000000049,星・星・星　北上店,08,8,352108,,
000000049,星・星・星　北上店,09,9,352109,,
000000049,星・星・星　北上店,10,10,352110,,
000000049,星・星・星　北上店,11,11,352111,,
000000049,星・星・星　北上店,12,12,352112,,
000000049,星・星・星　北上店,13,13,352113,,
000000049,星・星・星　北上店,14,14,352114,,
000000049,星・星・星　北上店,テストルーム,15,,,
000000050,星・星・星　盛岡店,101,1,351101,,
000000050,星・星・星　盛岡店,102,2,351102,,
000000050,星・星・星　盛岡店,103,3,351103,,
000000050,星・星・星　盛岡店,105,4,351105,,
000000050,星・星・星　盛岡店,106,5,351106,,
000000050,星・星・星　盛岡店,107,6,351107,,
000000050,星・星・星　盛岡店,108,7,351108,,
000000050,星・星・星　盛岡店,110,8,351110,,
000000050,星・星・星　盛岡店,111,9,351111,,
000000050,星・星・星　盛岡店,112,10,351112,,
000000050,星・星・星　盛岡店,113,11,351113,,
000000050,星・星・星　盛岡店,115,12,351115,,
000000050,星・星・星　盛岡店,116,13,351116,,
000000050,星・星・星　盛岡店,117,14,351117,,
000000050,星・星・星　盛岡店,118,15,351118,,
000000050,星・星・星　盛岡店,120,16,351120,,
000000050,星・星・星　盛岡店,121,17,351121,,
000000050,星・星・星　盛岡店,122,18,351122,,
000000050,星・星・星　盛岡店,123,19,351123,,
000000050,星・星・星　盛岡店,125,20,351125,,
000000050,星・星・星　盛岡店,126,21,351126,,
000000050,星・星・星　盛岡店,127,22,351127,,
000000060,星・星・星　二番星,201,1,351201,,
000000060,星・星・星　二番星,202,2,351202,,
000000060,星・星・星　二番星,203,3,351203,,
000000060,星・星・星　二番星,205,4,351205,,
000000060,星・星・星　二番星,206,5,351206,,
000000060,星・星・星　二番星,207,6,351207,,
000000060,星・星・星　二番星,208,7,351208,,
000000060,星・星・星　二番星,210,8,351210,,
000000060,星・星・星　二番星,211,9,351211,,
000000060,星・星・星　二番星,212,10,351212,,
000000070,星・星・星　二番星ANNEX,301,1,351301,,
000000070,星・星・星　二番星ANNEX,302,2,351302,,
000000070,星・星・星　二番星ANNEX,303,3,351303,,
000000070,星・星・星　二番星ANNEX,305,4,351305,,
000000070,星・星・星　二番星ANNEX,306,5,351306,,
000000070,星・星・星　二番星ANNEX,307,6,351307,,
000000070,星・星・星　二番星ANNEX,308,7,351308,,
000000070,星・星・星　二番星ANNEX,310,8,351310,,
000000070,星・星・星　二番星ANNEX,311,9,351311,,
000000070,星・星・星　二番星ANNEX,312,10,351312,,
000000070,星・星・星　二番星ANNEX,313,11,351313,,
000000107,ホテル ブルーコースト横須賀,101,1,354101,,
000000107,ホテル ブルーコースト横須賀,102,2,354102,,
000000107,ホテル ブルーコースト横須賀,103,3,354103,,
000000107,ホテル ブルーコースト横須賀,105,4,354105,,
000000107,ホテル ブルーコースト横須賀,106,5,354106,,
000000107,ホテル ブルーコースト横須賀,201,6,354201,,
000000107,ホテル ブルーコースト横須賀,202,7,354202,,
000000107,ホテル ブルーコースト横須賀,203,8,354203,,
000000107,ホテル ブルーコースト横須賀,205,9,354205,,
000000107,ホテル ブルーコースト横須賀,206,10,354206,,
000000107,ホテル ブルーコースト横須賀,207,11,354207,,
000000107,ホテル ブルーコースト横須賀,208,12,354208,,
000000107,ホテル ブルーコースト横須賀,209,13,354209,,
000000107,ホテル ブルーコースト横須賀,210,14,354210,,
000000107,ホテル ブルーコースト横須賀,211,15,354211,,
000000129,ホテル　ホヌ,201　C,1,3565201,,
000000129,ホテル　ホヌ,202　C,2,3565202,,
000000129,ホテル　ホヌ,203　B,3,3565203,,
000000129,ホテル　ホヌ,205　B,4,3565205,,
000000129,ホテル　ホヌ,206　B,5,3565206,,
000000129,ホテル　ホヌ,207　B,6,3565207,,
000000129,ホテル　ホヌ,301　D,7,3565301,,
000000129,ホテル　ホヌ,302　B,8,3565302,,
000000129,ホテル　ホヌ,303　B,9,3565303,,
000000129,ホテル　ホヌ,305　B,10,3565305,,
000000129,ホテル　ホヌ,306　B,11,3565306,,
000000129,ホテル　ホヌ,307　B,12,3565307,,
000000129,ホテル　ホヌ,401　B,13,3565401,,
000000129,ホテル　ホヌ,402　B,14,3565402,,
000000129,ホテル　ホヌ,403　B,15,3565403,,
000000129,ホテル　ホヌ,405　B,16,3565405,,
000000129,ホテル　ホヌ,406　A,17,3565406,,
000000129,ホテル　ホヌ,407　A,18,3565407,,
000000269,HOTEL TIARA Brun,101,1,7775101,,
000000269,HOTEL TIARA Brun,102,2,7775102,,
000000269,HOTEL TIARA Brun,201,3,7775201,,
000000269,HOTEL TIARA Brun,202,4,7775202,,
000000269,HOTEL TIARA Brun,203,5,7775203,,
000000269,HOTEL TIARA Brun,205,6,7775205,,
000000269,HOTEL TIARA Brun,206,7,7775206,,
000000269,HOTEL TIARA Brun,207,8,7775207,,
000000269,HOTEL TIARA Brun,208,9,7775208,,
000000269,HOTEL TIARA Brun,210,10,7775210,,
000000269,HOTEL TIARA Brun,301,11,7775301,,
000000269,HOTEL TIARA Brun,302,12,7775302,,
000000269,HOTEL TIARA Brun,303,13,7775303,,
000000269,HOTEL TIARA Brun,305,14,7775305,,
000000269,HOTEL TIARA Brun,306,15,7775306,,
000000269,HOTEL TIARA Brun,307,16,7775307,,
000000269,HOTEL TIARA Brun,308,17,7775308,,
000000269,HOTEL TIARA Brun,401,18,7775401,,
000000269,HOTEL TIARA Brun,402,19,7775402,,
000000269,HOTEL TIARA Brun,403,20,7775403,,
000000269,HOTEL TIARA Brun,405,21,7775405,,
000000269,HOTEL TIARA Brun,406,22,7775406,,
000000269,HOTEL TIARA Brun,407,23,7775407,,
000000269,HOTEL TIARA Brun,待合A,24,7775001,,
000000269,HOTEL TIARA Brun,待合B,25,7775002,,
000000269,HOTEL TIARA Brun,待合C,26,7775003,,
000000269,HOTEL TIARA Brun,パネル横,27,7775555,,
000000300,ホテルOX,101,1,3595101,,
000000300,ホテルOX,102,2,3595102,,
000000300,ホテルOX,103,3,3595103,,
000000300,ホテルOX,105,4,3595105,,
000000300,ホテルOX,106,5,3595106,,
000000300,ホテルOX,107,6,3595107,,
000000300,ホテルOX,108,7,3595108,,
000000300,ホテルOX,110,8,3595110,,
000000300,ホテルOX,111,9,3595111,,
000000300,ホテルOX,112,10,3595112,,
000000300,ホテルOX,201,11,3595201,,
000000300,ホテルOX,202,12,3595202,,
000000300,ホテルOX,203,13,3595203,,
000000300,ホテルOX,205,14,3595205,,
000000300,ホテルOX,206,15,3595206,,
000000300,ホテルOX,207,16,3595207,,
000000300,ホテルOX,208,17,3595208,,
000000300,ホテルOX,210,18,3595210,,
000000300,ホテルOX,211,19,3595211,,
000000300,ホテルOX,212,20,3595212,,
000000300,ホテルOX,301,21,3595301,,
000000300,ホテルOX,302,22,3595302,,
000000300,ホテルOX,303,23,3595303,,
000000300,ホテルOX,305,24,3595305,,
000000300,ホテルOX,306,25,3595306,,
000000300,ホテルOX,307,26,3595307,,
000000300,ホテルOX,308,27,3595308,,
000000300,ホテルOX,310,28,3595310,,
000000300,ホテルOX,311,29,3595311,,
000000300,ホテルOX,312,30,3595312,,
000000301,ホテルUs 弁天橋,201,1,3605201,,
000000301,ホテルUs 弁天橋,202,2,3605202,,
000000301,ホテルUs 弁天橋,203,3,3605203,,
000000301,ホテルUs 弁天橋,205,4,3605205,,
000000301,ホテルUs 弁天橋,206,5,3605206,,
000000301,ホテルUs 弁天橋,207,6,3605207,,
000000301,ホテルUs 弁天橋,208,7,3605208,,
000000301,ホテルUs 弁天橋,210,8,3605210,,
000000301,ホテルUs 弁天橋,301,9,3605301,,
000000301,ホテルUs 弁天橋,302,10,3605302,,
000000301,ホテルUs 弁天橋,303,11,3605303,,
000000301,ホテルUs 弁天橋,305,12,3605305,,
000000301,ホテルUs 弁天橋,306,13,3605306,,
000000301,ホテルUs 弁天橋,307,14,3605307,,
000000301,ホテルUs 弁天橋,308,15,3605308,,
000000301,ホテルUs 弁天橋,310,16,3605310,,
000000301,ホテルUs 弁天橋,311,17,3605311,,
000000301,ホテルUs 弁天橋,312,18,3605312,,
000000301,ホテルUs 弁天橋,313,19,3605313,,
000000301,ホテルUs 弁天橋,401,20,3605401,,
000000301,ホテルUs 弁天橋,403,21,3605403,,
000000301,ホテルUs 弁天橋,405,22,3605405,,
000000301,ホテルUs 弁天橋,406,23,3605406,,
000000301,ホテルUs 弁天橋,407,24,3605407,,
000000301,ホテルUs 弁天橋,408,25,3605408,,
000000301,ホテルUs 弁天橋,410,26,3605410,,
000000301,ホテルUs 弁天橋,411,27,3605411,,
000000301,ホテルUs 弁天橋,413,28,3605413,,
000000301,ホテルUs 弁天橋,415,29,3605415,,
000000301,ホテルUs 弁天橋,416,30,3605416,,
000000302,ホテルUs 競馬場,105,1,3615105,,
000000302,ホテルUs 競馬場,106,2,3615106,,
000000302,ホテルUs 競馬場,201,3,3615201,,
000000302,ホテルUs 競馬場,203,4,3615203,,
000000302,ホテルUs 競馬場,205,5,3615205,,
000000302,ホテルUs 競馬場,206,6,3615206,,
000000302,ホテルUs 競馬場,207,7,3615207,,
000000302,ホテルUs 競馬場,208,8,3615208,,
000000302,ホテルUs 競馬場,210,9,3615210,,
000000302,ホテルUs 競馬場,211,10,3615211,,
000000302,ホテルUs 競馬場,301,11,3615301,,
000000302,ホテルUs 競馬場,303,12,3615303,,
000000302,ホテルUs 競馬場,305,13,3615305,,
000000302,ホテルUs 競馬場,306,14,3615306,,
000000302,ホテルUs 競馬場,307,15,3615307,,
000000302,ホテルUs 競馬場,308,16,3615308,,
000000302,ホテルUs 競馬場,310,17,3615310,,
000000302,ホテルUs 競馬場,311,18,3615311,,
000000302,ホテルUs 競馬場,401,19,3615401,,
000000302,ホテルUs 競馬場,403,20,3615403,,
000000302,ホテルUs 競馬場,405,21,3615405,,
000000302,ホテルUs 競馬場,406,22,3615406,,
000000302,ホテルUs 競馬場,407,23,3615407,,
000000302,ホテルUs 競馬場,408,24,3615408,,
000000302,ホテルUs 競馬場,410,25,3615410,,
000000302,ホテルUs 競馬場,411,26,3615411,,
000000302,ホテルUs 競馬場,501,27,3615501,,
000000302,ホテルUs 競馬場,503,28,3615503,,
000000302,ホテルUs 競馬場,505,29,3615505,,
000000302,ホテルUs 競馬場,506,30,3615506,,
000000302,ホテルUs 競馬場,507,31,3615507,,
000000302,ホテルUs 競馬場,508,32,3615508,,
000000302,ホテルUs 競馬場,510,33,3615510,,
000000302,ホテルUs 競馬場,511,34,3615511,,
000000302,ホテルUs 競馬場,601,35,3615601,,
000000302,ホテルUs 競馬場,603,36,3615603,,
000000302,ホテルUs 競馬場,605,37,3615605,,
000000302,ホテルUs 競馬場,606,38,3615606,,
000000302,ホテルUs 競馬場,607,39,3615607,,
000000302,ホテルUs 競馬場,608,40,3615608,,
000000302,ホテルUs 競馬場,610,41,3615610,,
000000302,ホテルUs 競馬場,611,42,3615611,,
000000302,ホテルUs 競馬場,701,43,3615701,,
000000302,ホテルUs 競馬場,703,44,3615703,,
000000302,ホテルUs 競馬場,705,45,3615705,,
000000302,ホテルUs 競馬場,706,46,3615706,,
000000302,ホテルUs 競馬場,707,47,3615707,,
000000302,ホテルUs 競馬場,708,48,3615708,,
000000302,ホテルUs 競馬場,710,49,3615710,,
000000302,ホテルUs 競馬場,711,50,3615711,,
000000304,イエスタディ,51,1,5115051,,
000000304,イエスタディ,52,2,5115052,,
000000304,イエスタディ,53,3,5115053,,
000000304,イエスタディ,54,4,5115054,,
000000304,イエスタディ,56,5,5115056,,
000000304,イエスタディ,57,6,5115057,,
000000304,イエスタディ,58,7,5115058,,
000000304,イエスタディ,59,8,5115059,,
000000304,イエスタディ,60,9,5115060,,
000000304,イエスタディ,61,10,5115061,,
000000304,イエスタディ,62,11,5115062,,
000000304,イエスタディ,63,12,5115063,,
000000304,イエスタディ,64,13,5115064,,
000000304,イエスタディ,65,14,5115065,,
000000304,イエスタディ,66,15,5115066,,
000000304,イエスタディ,67,16,5115067,,
000000304,イエスタディ,68,17,5115068,,
000000304,イエスタディ,69,18,5115069,,
000000304,イエスタディ,70,19,5115070,,
000000304,イエスタディ,71,20,5115071,,
000000304,イエスタディ,72,21,5115072,,
000000304,イエスタディ,73,22,5115073,,
000000304,イエスタディ,74,23,5115074,,
000000304,イエスタディ,75,24,5115075,,
000000304,イエスタディ,76,25,5115076,,
000000304,イエスタディ,77,26,5115077,,
000000304,イエスタディ,78,27,5115078,,
000000304,イエスタディ,79,28,5115079,,
000000304,イエスタディ,80,29,5115080,,
000000304,イエスタディ,廊下５５－５８,30,5115030,,
000000304,イエスタディ,廊下５１ー５４,31,5115031,,
000000304,イエスタディ,廊下７７ー８０,32,5115032,,
000000304,イエスタディ,廊下７４ー７６,33,5115033,,
000000304,イエスタディ,廊下５９ー６２,34,5115034,,
000000304,イエスタディ,廊下７０ー７３,35,5115035,,
000000304,イエスタディ,廊下６３ー６６,36,5115036,,
000000304,イエスタディ,パーキング６８ー６９,37,5115021,,
000000304,イエスタディ,パーキング６１ー６２,38,5115022,,
000000304,イエスタディ,パーキング７３,39,5115023,,
000000304,イエスタディ,パーキング５７ー５８,40,5115024,,
000000304,イエスタディ,パーキング７５ー７６,41,5115025,,
000000304,イエスタディ,パーキング５２ー５３,42,5115026,,
000000305,ファンタジアリゾート,201　E,1,3625201,,
000000305,ファンタジアリゾート,202　B,2,3625202,,
000000305,ファンタジアリゾート,203　C,3,3625203,,
000000305,ファンタジアリゾート,204　D,4,3625204,,
000000305,ファンタジアリゾート,205　C,5,3625205,,
000000305,ファンタジアリゾート,301　E,6,3625301,,
000000305,ファンタジアリゾート,302　F,7,3625302,,
000000305,ファンタジアリゾート,303　C,8,3625303,,
000000305,ファンタジアリゾート,304　B,9,3625304,,
000000305,ファンタジアリゾート,305　C,10,3625305,,
000000305,ファンタジアリゾート,306　D,11,3625306,,
000000305,ファンタジアリゾート,307　D,12,3625307,,
000000305,ファンタジアリゾート,401　E,13,3625401,,
000000305,ファンタジアリゾート,402　F,14,3625402,,
000000305,ファンタジアリゾート,403　C,15,3625403,,
000000305,ファンタジアリゾート,404　B,16,3625404,,
000000305,ファンタジアリゾート,405　C,17,3625405,,
000000305,ファンタジアリゾート,406　D,18,3625406,,
000000305,ファンタジアリゾート,407　D,19,3625407,,
000000305,ファンタジアリゾート,501　E,20,3625501,,
000000305,ファンタジアリゾート,502　F,21,3625502,,
000000305,ファンタジアリゾート,503　C,22,3625503,,
000000305,ファンタジアリゾート,504　B,23,3625504,,
000000305,ファンタジアリゾート,505　C,24,3625505,,
000000305,ファンタジアリゾート,506　D,25,3625506,,
000000305,ファンタジアリゾート,507　D,26,3625507,,
000000305,ファンタジアリゾート,601　A,27,3625601,,
000000305,ファンタジアリゾート,602　C,28,3625602,,
000000305,ファンタジアリゾート,603　B,29,3625603,,
000000305,ファンタジアリゾート,604　C,30,3625604,,
000000305,ファンタジアリゾート,605　A,31,3625605,,
000000305,ファンタジアリゾート,701,32,3625701,,
000000305,ファンタジアリゾート,702,33,3625702,,
000000305,ファンタジアリゾート,703,34,3625703,,
000000305,ファンタジアリゾート,704,35,3625704,,
000000305,ファンタジアリゾート,精算機,36,3625120,,
000000305,ファンタジアリゾート,メニュー前,37,3625101,,
000000305,ファンタジアリゾート,カウンター,38,3625108,,
000000305,ファンタジアリゾート,操作台,39,3625222,,
000000306,ホテル１．１０．１,10,1,3635110,,
000000306,ホテル１．１０．１,20,2,3635120,,
000000306,ホテル１．１０．１,21,3,3635121,,
000000306,ホテル１．１０．１,22,4,3635122,,
000000306,ホテル１．１０．１,23,5,3635123,,
000000306,ホテル１．１０．１,24,6,3635124,,
000000306,ホテル１．１０．１,25,7,3635125,,
000000306,ホテル１．１０．１,26,8,3635126,,
000000306,ホテル１．１０．１,27,9,3635127,,
000000306,ホテル１．１０．１,28,10,3635128,,
000000306,ホテル１．１０．１,30,11,3635130,,
000000306,ホテル１．１０．１,31,12,3635131,,
000000306,ホテル１．１０．１,32,13,3635132,,
000000306,ホテル１．１０．１,33,14,3635133,,
000000306,ホテル１．１０．１,34,15,3635134,,
000000306,ホテル１．１０．１,35,16,3635135,,
000000306,ホテル１．１０．１,36,17,3635136,,
000000306,ホテル１．１０．１,37,18,3635137,,
000000306,ホテル１．１０．１,38,19,3635138,,
000000306,ホテル１．１０．１,40,20,3635140,,
000000306,ホテル１．１０．１,41,21,3635141,,
000000306,ホテル１．１０．１,42,22,3635142,,
000000306,ホテル１．１０．１,43,23,3635143,,
000000306,ホテル１．１０．１,44,24,3635144,,
000000306,ホテル１．１０．１,45,25,3635145,,
000000306,ホテル１．１０．１,46,26,3635146,,
000000306,ホテル１．１０．１,47,27,3635147,,
000000306,ホテル１．１０．１,48,28,3635148,,
000000306,ホテル１．１０．１,50,29,3635150,,
000000306,ホテル１．１０．１,51,30,3635151,,
000000306,ホテル１．１０．１,52,31,3635152,,
000000306,ホテル１．１０．１,53,32,3635153,,
000000306,ホテル１．１０．１,54,33,3635154,,
000000306,ホテル１．１０．１,55,34,3635155,,
000000306,ホテル１．１０．１,56,35,3635156,,
000000306,ホテル１．１０．１,60,36,3635160,,
000000306,ホテル１．１０．１,61,37,3635161,,
000000306,ホテル１．１０．１,62,38,3635162,,
000000306,ホテル１．１０．１,63,39,3635163,,
000000306,ホテル１．１０．１,64,40,3635164,,
000000306,ホテル１．１０．１,Bar counter 1,41,3635165,,
000000306,ホテル１．１０．１,Bar counter 2,42,3635166,,
000000306,ホテル１．１０．１,Bar counter 3,43,3635167,,
000000306,ホテル１．１０．１,Bar counter 4,44,3635168,,
000000306,ホテル１．１０．１,Bar table 1,45,3635169,,
000000306,ホテル１．１０．１,Bar table 2,46,3635170,,
000000307,ヴィラジュリア道玄坂,101,1,3685101,,16
000000307,ヴィラジュリア道玄坂,102,2,3685102,http://192.168.40.121/control.cgi?param=${CH}-ON,001
000000307,ヴィラジュリア道玄坂,103,3,3685103,http://192.168.40.121/control.cgi?param=${CH}-ON,002
000000307,ヴィラジュリア道玄坂,201,4,3685201,,01
000000307,ヴィラジュリア道玄坂,202,5,3685202,,02
000000307,ヴィラジュリア道玄坂,203,6,3685203,,03
000000307,ヴィラジュリア道玄坂,205,7,3685205,,04
000000307,ヴィラジュリア道玄坂,301,8,3685301,,05
000000307,ヴィラジュリア道玄坂,302,9,3685302,,06
000000307,ヴィラジュリア道玄坂,303,10,3685303,,07
000000307,ヴィラジュリア道玄坂,401,11,3685401,,08
000000307,ヴィラジュリア道玄坂,402,12,3685402,,09
000000307,ヴィラジュリア道玄坂,403,13,3685403,,10
000000307,ヴィラジュリア道玄坂,405,14,3685405,,11
000000307,ヴィラジュリア道玄坂,406,15,3685406,,12
000000307,ヴィラジュリア道玄坂,501,16,3685501,,13
000000307,ヴィラジュリア道玄坂,502,17,3685502,,14
000000307,ヴィラジュリア道玄坂,503,18,3685503,,15
000000308,サンシルク,201,1,5775201,,
000000308,サンシルク,202,2,5775202,,
000000308,サンシルク,203,3,5775203,,
000000308,サンシルク,204,4,5775204,,
000000308,サンシルク,205,5,5775205,,
000000308,サンシルク,206,6,5775206,,
000000308,サンシルク,207,7,5775207,,
000000308,サンシルク,208,8,5775208,,
000000308,サンシルク,209,9,5775209,,
000000308,サンシルク,210,10,5775210,,
000000308,サンシルク,211,11,5775211,,
000000308,サンシルク,212,12,5775212,,
000000308,サンシルク,213,13,5775213,,
000000308,サンシルク,214,14,5775214,,
000000308,サンシルク,215,15,5775215,,
000000308,サンシルク,216,16,5775216,,
000000308,サンシルク,217,17,5775217,,
000000308,サンシルク,218,18,5775218,,
000000308,サンシルク,219,19,5775219,,
000000308,サンシルク,220,20,5775220,,
000000308,サンシルク,221,21,5775221,,
000000308,サンシルク,222,22,5775222,,
000000308,サンシルク,223,23,5775223,,
000000308,サンシルク,224,24,5775224,,
000000308,サンシルク,225,25,5775225,,
000000309,HOTEL?AQUA?Blue?横須賀,201　スイート,1,3675201,,
000000309,HOTEL?AQUA?Blue?横須賀,202　デラックス,2,3675202,,
000000309,HOTEL?AQUA?Blue?横須賀,301　エコノミー,3,3675301,,
000000309,HOTEL?AQUA?Blue?横須賀,302　スタンダード,4,3675302,,
000000309,HOTEL?AQUA?Blue?横須賀,303　スタンダード,5,3675303,,
000000309,HOTEL?AQUA?Blue?横須賀,304　スタンダード,6,3675304,,
000000309,HOTEL?AQUA?Blue?横須賀,305　モデレート,7,3675305,,
000000309,HOTEL?AQUA?Blue?横須賀,306　モデレート,8,3675306,,
000000309,HOTEL?AQUA?Blue?横須賀,307　スタンダード,9,3675307,,
000000309,HOTEL?AQUA?Blue?横須賀,308　スタンダード,10,3675308,,
000000309,HOTEL?AQUA?Blue?横須賀,309　エコノミー,11,3675309,,
000000309,HOTEL?AQUA?Blue?横須賀,401　エコノミー,12,3675401,,
000000309,HOTEL?AQUA?Blue?横須賀,402　スタンダード,13,3675402,,
000000309,HOTEL?AQUA?Blue?横須賀,403　スタンダード,14,3675403,,
000000309,HOTEL?AQUA?Blue?横須賀,404　スイート,15,3675404,,
000000309,HOTEL?AQUA?Blue?横須賀,405　モデレート,16,3675405,,
000000309,HOTEL?AQUA?Blue?横須賀,406　スタンダード,17,3675406,,
000000309,HOTEL?AQUA?Blue?横須賀,407　スイート,18,3675407,,
000000309,HOTEL?AQUA?Blue?横須賀,501　ラグジュアリー,19,3675501,,
000000309,HOTEL?AQUA?Blue?横須賀,502　ラグジュアリー,20,3675502,,
000000309,HOTEL?AQUA?Blue?横須賀,503　デラックス,21,3675503,,
000000309,HOTEL?AQUA?Blue?横須賀,504　デラックス,22,3675504,,
000000309,HOTEL?AQUA?Blue?横須賀,505　デラックス,23,3675505,,
000000310,フェスタ横須賀,201,1,3655201,,
000000310,フェスタ横須賀,202,2,3655202,,
000000310,フェスタ横須賀,203,3,3655203,,
000000310,フェスタ横須賀,205,4,3655205,,
000000310,フェスタ横須賀,206,5,3655206,,
000000310,フェスタ横須賀,207,6,3655207,,
000000310,フェスタ横須賀,208,7,3655208,,
000000310,フェスタ横須賀,210,8,3655210,,
000000310,フェスタ横須賀,211,9,3655211,,
000000310,フェスタ横須賀,212,10,3655212,,
000000310,フェスタ横須賀,213,11,3655213,,
000000310,フェスタ横須賀,215,12,3655215,,
000000310,フェスタ横須賀,216,13,3655216,,
000000310,フェスタ横須賀,301,14,3655301,,
000000310,フェスタ横須賀,302,15,3655302,,
000000310,フェスタ横須賀,303,16,3655303,,
000000310,フェスタ横須賀,305,17,3655305,,
000000310,フェスタ横須賀,306,18,3655306,,
000000310,フェスタ横須賀,307,19,3655307,,
000000310,フェスタ横須賀,308,20,3655308,,
000000310,フェスタ横須賀,310,21,3655310,,
000000310,フェスタ横須賀,311,22,3655311,,
000000310,フェスタ横須賀,401,23,3655401,,
000000310,フェスタ横須賀,402,24,3655402,,
000000310,フェスタ横須賀,403,25,3655403,,
000000310,フェスタ横須賀,405,26,3655405,,
000000310,フェスタ横須賀,406,27,3655406,,
000000310,フェスタ横須賀,407,28,3655407,,
000000310,フェスタ横須賀,408,29,3655408,,
000000310,フェスタ横須賀,410,30,3655410,,
000000310,フェスタ横須賀,411,31,3655411,,
000000311,フェスタ葉山,201,1,3665201,,
000000311,フェスタ葉山,202,2,3665202,,
000000311,フェスタ葉山,203,3,3665203,,
000000311,フェスタ葉山,205,4,3665205,,
000000311,フェスタ葉山,206,5,3665206,,
000000311,フェスタ葉山,207,6,3665207,,
000000311,フェスタ葉山,208,7,3665208,,
000000311,フェスタ葉山,210,8,3665210,,
000000311,フェスタ葉山,211,9,3665211,,
000000311,フェスタ葉山,212,10,3665212,,
000000311,フェスタ葉山,301,11,3665301,,
000000311,フェスタ葉山,302,12,3665302,,
000000311,フェスタ葉山,303,13,3665303,,
000000311,フェスタ葉山,305,14,3665305,,
000000311,フェスタ葉山,306,15,3665306,,
000000311,フェスタ葉山,307,16,3665307,,
000000311,フェスタ葉山,308,17,3665308,,
000000311,フェスタ葉山,310,18,3665310,,
000000311,フェスタ葉山,311,19,3665311,,
000000311,フェスタ葉山,312,20,3665312,,
000000311,フェスタ葉山,313,21,3665313,,
000000312,Hotel?STAY?FOREST?土浦,201　B エコノミー,1,3585201,,
000000312,Hotel?STAY?FOREST?土浦,202　A エコノミー,2,3585202,,
000000312,Hotel?STAY?FOREST?土浦,203　C スタンダード,3,3585203,,
000000312,Hotel?STAY?FOREST?土浦,205　D デラックス,4,3585205,,
000000312,Hotel?STAY?FOREST?土浦,206　D デラックス,5,3585206,,
000000312,Hotel?STAY?FOREST?土浦,207　C スタンダード,6,3585207,,
000000312,Hotel?STAY?FOREST?土浦,208　B エコノミー,7,3585208,,
000000312,Hotel?STAY?FOREST?土浦,210　B エコノミー,8,3585210,,
000000312,Hotel?STAY?FOREST?土浦,301　B エコノミー,9,3585301,,
000000312,Hotel?STAY?FOREST?土浦,302　A エコノミー,10,3585302,,
000000312,Hotel?STAY?FOREST?土浦,303　C スタンダード,11,3585303,,
000000312,Hotel?STAY?FOREST?土浦,305　D デラックス,12,3585305,,
000000312,Hotel?STAY?FOREST?土浦,306　D デラックス,13,3585306,,
000000312,Hotel?STAY?FOREST?土浦,307　C スタンダード,14,3585307,,
000000312,Hotel?STAY?FOREST?土浦,308　B エコノミー,15,3585308,,
000000312,Hotel?STAY?FOREST?土浦,310　C スタンダード,16,3585310,,
000000312,Hotel?STAY?FOREST?土浦,401　B エコノミー,17,3585401,,
000000312,Hotel?STAY?FOREST?土浦,402　A エコノミー,18,3585402,,
000000312,Hotel?STAY?FOREST?土浦,403　C スタンダード,19,3585403,,
000000312,Hotel?STAY?FOREST?土浦,405　D デラックス,20,3585405,,
000000312,Hotel?STAY?FOREST?土浦,406　D デラックス,21,3585406,,
000000312,Hotel?STAY?FOREST?土浦,407　C スタンダード,22,3585407,,
000000312,Hotel?STAY?FOREST?土浦,408　B エコノミー,23,3585408,,
000000312,Hotel?STAY?FOREST?土浦,410　C スタンダード,24,3585410,,
000000312,Hotel?STAY?FOREST?土浦,501　S デラックス,25,3585501,,
000000312,Hotel?STAY?FOREST?土浦,502　S デラックス,26,3585502,,
000000312,Hotel?STAY?FOREST?土浦,503　S デラックス,27,3585503,,
000000312,Hotel?STAY?FOREST?土浦,505　E デラックス,28,3585505,,
000000312,Hotel?STAY?FOREST?土浦,506　E デラックス,29,3585506,,
000000312,Hotel?STAY?FOREST?土浦,507　S デラックス,30,3585507,,
000000313,HOTEL TIARA LUX,201　B　カラオケDAM,1,3705201,,
000000313,HOTEL TIARA LUX,202　C　ダーツLIVE,2,3705202,,
000000313,HOTEL TIARA LUX,203　B　カラオケJOYSOUND,3,3705203,,
000000313,HOTEL TIARA LUX,205　D,4,3705205,,
000000313,HOTEL TIARA LUX,206　A　BOSEサウンドバー,5,3705206,,
000000313,HOTEL TIARA LUX,207　SS　フィンランド式サウナ,6,3705207,,
000000313,HOTEL TIARA LUX,208　SS　フィンランド式サウナ,7,3705208,,
000000313,HOTEL TIARA LUX,301　B　カラオケDAM,8,3705301,,
000000313,HOTEL TIARA LUX,302　C　ダーツLIVE,9,3705302,,
000000313,HOTEL TIARA LUX,303　B　カラオケJOYSOUND,10,3705303,,
000000313,HOTEL TIARA LUX,305　D,11,3705305,,
000000313,HOTEL TIARA LUX,306　A　BOSEサウンドバー,12,3705306,,
000000313,HOTEL TIARA LUX,307　SS　フィンランド式サウナ,13,3705307,,
000000313,HOTEL TIARA LUX,308　S　BOSEサウンドバー,14,3705308,,
000000313,HOTEL TIARA LUX,401　B　カラオケDAM,15,3705401,,
000000313,HOTEL TIARA LUX,402　C　ダーツLIVE,16,3705402,,
000000313,HOTEL TIARA LUX,403　B　カラオケJOYSOUND,17,3705403,,
000000313,HOTEL TIARA LUX,405　D,18,3705405,,
000000313,HOTEL TIARA LUX,406　A　BOSEサウンドバー,19,3705406,,
000000313,HOTEL TIARA LUX,407　SS　フィンランド式サウナ,20,3705407,,
000000313,HOTEL TIARA LUX,408　S　BOSEサウンドバー,21,3705408,,
000000317,HOTEL Beni,201,1,,,
000000317,HOTEL Beni,202,2,,,
000000317,HOTEL Beni,203,3,,,
000000317,HOTEL Beni,204,4,,,
000000317,HOTEL Beni,205,5,,,
000000317,HOTEL Beni,206,6,,,
000000317,HOTEL Beni,207,7,,,
000000317,HOTEL Beni,208,8,,,
000000317,HOTEL Beni,209,9,,,
000000317,HOTEL Beni,210,10,,,
000000401,チャーミーズ,201,1,3645201,,
000000401,チャーミーズ,202,2,3645202,,
000000401,チャーミーズ,203,3,3645203,,
000000401,チャーミーズ,205,4,3645205,,
000000401,チャーミーズ,206,5,3645206,,
000000401,チャーミーズ,207,6,3645207,,
000000401,チャーミーズ,208,7,3645208,,
000000401,チャーミーズ,301,8,3645301,,
000000401,チャーミーズ,302,9,3645302,,
000000401,チャーミーズ,303,10,3645303,,
000000401,チャーミーズ,305,11,3645305,,
000000401,チャーミーズ,306,12,3645306,,
000000401,チャーミーズ,307,13,3645307,,
000000401,チャーミーズ,308,14,3645308,,
000000401,チャーミーズ,401,15,3645401,,
000000401,チャーミーズ,402,16,3645402,,
000000401,チャーミーズ,403,17,3645403,,
000000401,チャーミーズ,405,18,3645405,,
000000401,チャーミーズ,406,19,3645406,,
000000401,チャーミーズ,407,20,3645407,,
000000401,チャーミーズ,408,21,3645408,,
000000401,チャーミーズ,999,22,,,
1000,ホテル オーダー,101,1,,,
1000,ホテル オーダー,201 TEST,2,,,
1000,ホテル オーダー,301　喫煙ルーム,3,,,
999999994,ホテル展示会,997,1,,,
999999999,テストホテル,999,1,,,CH
